{
  "css/style.css": 1668428099606,
  "controller/App.controller.js": 1668428099606,
  "utils/locate-reuse-libs.js": 1668428099602,
  "model/models.js": 1668428099606,
  "controller/Main.controller.js": 1668428264922,
  "manifest.json": 1668430954020,
  "Component.js": 1668428099586,
  "Component-preload.js": 1668430954384,
  "utils/locate-reuse-libs-dbg.js": 1668428099602,
  "model/models-dbg.js": 1668428099606,
  "controller/Main-dbg.controller.js": 1668428264922,
  "controller/App-dbg.controller.js": 1668428099606,
  "Component-dbg.js": 1668428099586,
  "view/Wizard.fragment.xml": 1668428150146,
  "view/Simple.fragment.xml": 1668428149550,
  "view/Main.view.xml": 1668430908875,
  "view/App.view.xml": 1668428099606,
  "i18n/i18n.properties": 1668428121150,
  "index.html": 1668428099590
}